[{"Key":"JUD","Title":"司法院","Parent":null,"ParentId":null,"IsRootItem":true,"SubItems":[],"SubIds":[],"Removed":false,"Order":0,"Active":true,"CreatedAt":"2024-02-26T14:34:55.296754","LastUpdated":null,"UpdatedBy":null,"CreatedAtText":"2024-02-26","LastUpdatedText":"","Id":1},{"Key":"HLH","Title":"花蓮高分院","Parent":null,"ParentId":null,"IsRootItem":true,"SubItems":[{"Key":"TOP","Title":"院長室","Parent":null,"ParentId":2,"IsRootItem":false,"SubItems":[{"Key":"A_TOP","Title":"書記處","Parent":null,"ParentId":3,"IsRootItem":false,"SubItems":[{"Key":"JA","Title":"法官助理室","Parent":null,"ParentId":4,"IsRootItem":false,"SubItems":[],"SubIds":[],"Removed":false,"Order":0,"Active":true,"CreatedAt":"2024-02-26T15:13:48.089191","LastUpdated":"2024-02-26T15:13:48.0891913","UpdatedBy":"bf4287eb-259a-4d94-931b-931e2b89cbb9","CreatedAtText":"2024-02-26","LastUpdatedText":"2024-02-26","Id":21},{"Key":"","Title":"人事室","Parent":null,"ParentId":4,"IsRootItem":false,"SubItems":[],"SubIds":[],"Removed":false,"Order":0,"Active":true,"CreatedAt":"2024-02-26T15:14:47.6608872","LastUpdated":"2024-02-26T15:16:47.2995761","UpdatedBy":"bf4287eb-259a-4d94-931b-931e2b89cbb9","CreatedAtText":"2024-02-26","LastUpdatedText":"2024-02-26","Id":22},{"Key":"","Title":"政風室","Parent":null,"ParentId":4,"IsRootItem":false,"SubItems":[],"SubIds":[],"Removed":false,"Order":0,"Active":true,"CreatedAt":"2024-02-26T15:16:40.72611","LastUpdated":"2024-02-26T15:16:53.9342364","UpdatedBy":"bf4287eb-259a-4d94-931b-931e2b89cbb9","CreatedAtText":"2024-02-26","LastUpdatedText":"2024-02-26","Id":23},{"Key":"","Title":"會計室","Parent":null,"ParentId":4,"IsRootItem":false,"SubItems":[],"SubIds":[],"Removed":false,"Order":0,"Active":true,"CreatedAt":"2024-02-26T15:17:17.0091437","LastUpdated":"2024-02-26T15:17:17.0091439","UpdatedBy":"bf4287eb-259a-4d94-931b-931e2b89cbb9","CreatedAtText":"2024-02-26","LastUpdatedText":"2024-02-26","Id":24},{"Key":"","Title":"統計室","Parent":null,"ParentId":4,"IsRootItem":false,"SubItems":[],"SubIds":[],"Removed":false,"Order":0,"Active":true,"CreatedAt":"2024-02-26T15:17:36.7508706","LastUpdated":"2024-02-26T15:17:36.7508709","UpdatedBy":"bf4287eb-259a-4d94-931b-931e2b89cbb9","CreatedAtText":"2024-02-26","LastUpdatedText":"2024-02-26","Id":25},{"Key":"","Title":"研考科","Parent":null,"ParentId":4,"IsRootItem":false,"SubItems":[],"SubIds":[],"Removed":false,"Order":0,"Active":true,"CreatedAt":"2024-02-26T15:18:26.5218045","LastUpdated":"2024-02-26T15:18:26.5218048","UpdatedBy":"bf4287eb-259a-4d94-931b-931e2b89cbb9","CreatedAtText":"2024-02-26","LastUpdatedText":"2024-02-26","Id":26},{"Key":"","Title":"民事紀錄科","Parent":null,"ParentId":4,"IsRootItem":false,"SubItems":[],"SubIds":[],"Removed":false,"Order":0,"Active":true,"CreatedAt":"2024-02-26T15:20:17.0134627","LastUpdated":"2024-02-26T15:21:56.6628902","UpdatedBy":"bf4287eb-259a-4d94-931b-931e2b89cbb9","CreatedAtText":"2024-02-26","LastUpdatedText":"2024-02-26","Id":28},{"Key":"","Title":"刑事紀錄科","Parent":null,"ParentId":4,"IsRootItem":false,"SubItems":[],"SubIds":[],"Removed":false,"Order":0,"Active":true,"CreatedAt":"2024-02-26T15:22:13.6797736","LastUpdated":"2024-02-26T15:22:13.6797738","UpdatedBy":"bf4287eb-259a-4d94-931b-931e2b89cbb9","CreatedAtText":"2024-02-26","LastUpdatedText":"2024-02-26","Id":29},{"Key":"","Title":"文書科","Parent":null,"ParentId":4,"IsRootItem":false,"SubItems":[],"SubIds":[],"Removed":false,"Order":0,"Active":true,"CreatedAt":"2024-02-26T15:23:03.9905295","LastUpdated":"2024-02-26T15:23:03.9905301","UpdatedBy":"bf4287eb-259a-4d94-931b-931e2b89cbb9","CreatedAtText":"2024-02-26","LastUpdatedText":"2024-02-26","Id":30},{"Key":"","Title":"總務科","Parent":null,"ParentId":4,"IsRootItem":false,"SubItems":[],"SubIds":[],"Removed":false,"Order":0,"Active":true,"CreatedAt":"2024-02-26T15:23:28.9707371","LastUpdated":"2024-02-26T15:23:28.9707374","UpdatedBy":"bf4287eb-259a-4d94-931b-931e2b89cbb9","CreatedAtText":"2024-02-26","LastUpdatedText":"2024-02-26","Id":31},{"Key":"","Title":"單一窗口","Parent":null,"ParentId":4,"IsRootItem":false,"SubItems":[],"SubIds":[],"Removed":false,"Order":0,"Active":true,"CreatedAt":"2024-02-26T15:24:47.520802","LastUpdated":"2024-02-26T15:24:47.5208023","UpdatedBy":"bf4287eb-259a-4d94-931b-931e2b89cbb9","CreatedAtText":"2024-02-26","LastUpdatedText":"2024-02-26","Id":32},{"Key":"","Title":"通譯室","Parent":null,"ParentId":4,"IsRootItem":false,"SubItems":[],"SubIds":[],"Removed":false,"Order":0,"Active":true,"CreatedAt":"2024-02-26T15:25:06.5403058","LastUpdated":"2024-02-26T15:25:06.5403064","UpdatedBy":"bf4287eb-259a-4d94-931b-931e2b89cbb9","CreatedAtText":"2024-02-26","LastUpdatedText":"2024-02-26","Id":33},{"Key":"","Title":"庭務員室","Parent":null,"ParentId":4,"IsRootItem":false,"SubItems":[],"SubIds":[],"Removed":false,"Order":0,"Active":true,"CreatedAt":"2024-02-26T15:25:15.3740264","LastUpdated":"2024-02-26T15:25:15.3740268","UpdatedBy":"bf4287eb-259a-4d94-931b-931e2b89cbb9","CreatedAtText":"2024-02-26","LastUpdatedText":"2024-02-26","Id":34}],"SubIds":[],"Removed":false,"Order":1,"Active":true,"CreatedAt":"2024-02-26T14:37:11.5776117","LastUpdated":"2024-02-26T14:44:36.1501324","UpdatedBy":"bf4287eb-259a-4d94-931b-931e2b89cbb9","CreatedAtText":"2024-02-26","LastUpdatedText":"2024-02-26","Id":4},{"Key":"CM_1","Title":"民一庭","Parent":null,"ParentId":3,"IsRootItem":false,"SubItems":[{"Key":"GS","Title":"信股","Parent":null,"ParentId":5,"IsRootItem":false,"SubItems":[],"SubIds":[],"Removed":false,"Order":0,"Active":true,"CreatedAt":"2024-02-26T14:48:39.4143668","LastUpdated":"2024-02-26T14:48:39.4143671","UpdatedBy":"bf4287eb-259a-4d94-931b-931e2b89cbb9","CreatedAtText":"2024-02-26","LastUpdatedText":"2024-02-26","Id":9},{"Key":"GL","Title":"禮股","Parent":null,"ParentId":5,"IsRootItem":false,"SubItems":[],"SubIds":[],"Removed":false,"Order":0,"Active":true,"CreatedAt":"2024-02-26T14:48:59.8102931","LastUpdated":"2024-02-26T14:48:59.8102936","UpdatedBy":"bf4287eb-259a-4d94-931b-931e2b89cbb9","CreatedAtText":"2024-02-26","LastUpdatedText":"2024-02-26","Id":10},{"Key":"GW","Title":"文股","Parent":null,"ParentId":5,"IsRootItem":false,"SubItems":[],"SubIds":[],"Removed":false,"Order":0,"Active":true,"CreatedAt":"2024-02-26T14:49:53.5803722","LastUpdated":"2024-02-26T14:50:04.8168224","UpdatedBy":"bf4287eb-259a-4d94-931b-931e2b89cbb9","CreatedAtText":"2024-02-26","LastUpdatedText":"2024-02-26","Id":11}],"SubIds":[],"Removed":false,"Order":6,"Active":true,"CreatedAt":"2024-02-26T14:38:17.7607992","LastUpdated":"2024-02-26T14:44:00.7075486","UpdatedBy":"bf4287eb-259a-4d94-931b-931e2b89cbb9","CreatedAtText":"2024-02-26","LastUpdatedText":"2024-02-26","Id":5},{"Key":"CM_2","Title":"民二庭","Parent":null,"ParentId":3,"IsRootItem":false,"SubItems":[{"Key":"GY","Title":"約股","Parent":null,"ParentId":6,"IsRootItem":false,"SubItems":[],"SubIds":[],"Removed":false,"Order":0,"Active":true,"CreatedAt":"2024-02-26T14:50:29.7888035","LastUpdated":"2024-02-26T14:50:29.7888038","UpdatedBy":"bf4287eb-259a-4d94-931b-931e2b89cbb9","CreatedAtText":"2024-02-26","LastUpdatedText":"2024-02-26","Id":12},{"Key":"GB","Title":"博股","Parent":null,"ParentId":6,"IsRootItem":false,"SubItems":[],"SubIds":[],"Removed":false,"Order":0,"Active":true,"CreatedAt":"2024-02-26T14:50:45.0672768","LastUpdated":"2024-02-26T14:50:45.0672771","UpdatedBy":"bf4287eb-259a-4d94-931b-931e2b89cbb9","CreatedAtText":"2024-02-26","LastUpdatedText":"2024-02-26","Id":13}],"SubIds":[],"Removed":false,"Order":5,"Active":true,"CreatedAt":"2024-02-26T14:38:29.2981854","LastUpdated":"2024-02-26T14:44:07.4454447","UpdatedBy":"bf4287eb-259a-4d94-931b-931e2b89cbb9","CreatedAtText":"2024-02-26","LastUpdatedText":"2024-02-26","Id":6},{"Key":"CC_1","Title":"刑一庭","Parent":null,"ParentId":3,"IsRootItem":false,"SubItems":[{"Key":"GE","Title":"為股","Parent":null,"ParentId":7,"IsRootItem":false,"SubItems":[],"SubIds":[],"Removed":false,"Order":0,"Active":true,"CreatedAt":"2024-02-26T14:54:52.47048","LastUpdated":"2024-02-26T14:59:15.2636413","UpdatedBy":"bf4287eb-259a-4d94-931b-931e2b89cbb9","CreatedAtText":"2024-02-26","LastUpdatedText":"2024-02-26","Id":14},{"Key":"GI","Title":"義股","Parent":null,"ParentId":7,"IsRootItem":false,"SubItems":[],"SubIds":[],"Removed":false,"Order":0,"Active":true,"CreatedAt":"2024-02-26T14:59:58.4800015","LastUpdated":"2024-02-26T14:59:58.480036","UpdatedBy":"bf4287eb-259a-4d94-931b-931e2b89cbb9","CreatedAtText":"2024-02-26","LastUpdatedText":"2024-02-26","Id":15},{"Key":"GH","Title":"慎股","Parent":null,"ParentId":7,"IsRootItem":false,"SubItems":[],"SubIds":[],"Removed":false,"Order":0,"Active":true,"CreatedAt":"2024-02-26T15:00:31.980658","LastUpdated":"2024-02-26T15:00:31.9806583","UpdatedBy":"bf4287eb-259a-4d94-931b-931e2b89cbb9","CreatedAtText":"2024-02-26","LastUpdatedText":"2024-02-26","Id":16},{"Key":"GQ","Title":"勤股","Parent":null,"ParentId":7,"IsRootItem":false,"SubItems":[],"SubIds":[],"Removed":false,"Order":0,"Active":true,"CreatedAt":"2024-02-26T15:00:47.775697","LastUpdated":"2024-02-26T15:01:25.5233925","UpdatedBy":"bf4287eb-259a-4d94-931b-931e2b89cbb9","CreatedAtText":"2024-02-26","LastUpdatedText":"2024-02-26","Id":17}],"SubIds":[],"Removed":false,"Order":4,"Active":true,"CreatedAt":"2024-02-26T14:38:47.668147","LastUpdated":"2024-02-26T14:44:49.6648383","UpdatedBy":"bf4287eb-259a-4d94-931b-931e2b89cbb9","CreatedAtText":"2024-02-26","LastUpdatedText":"2024-02-26","Id":7},{"Key":"CC_2","Title":"刑二庭","Parent":null,"ParentId":3,"IsRootItem":false,"SubItems":[{"Key":"GC","Title":"淨股","Parent":null,"ParentId":8,"IsRootItem":false,"SubItems":[],"SubIds":[],"Removed":false,"Order":0,"Active":true,"CreatedAt":"2024-02-26T15:01:51.8265689","LastUpdated":"2024-02-26T15:01:51.8265692","UpdatedBy":"bf4287eb-259a-4d94-931b-931e2b89cbb9","CreatedAtText":"2024-02-26","LastUpdatedText":"2024-02-26","Id":18},{"Key":"GR","Title":"仁股","Parent":null,"ParentId":8,"IsRootItem":false,"SubItems":[],"SubIds":[],"Removed":false,"Order":0,"Active":true,"CreatedAt":"2024-02-26T15:02:07.6800149","LastUpdated":"2024-02-26T15:02:07.6800152","UpdatedBy":"bf4287eb-259a-4d94-931b-931e2b89cbb9","CreatedAtText":"2024-02-26","LastUpdatedText":"2024-02-26","Id":19},{"Key":"GA","Title":"以股","Parent":null,"ParentId":8,"IsRootItem":false,"SubItems":[],"SubIds":[],"Removed":false,"Order":0,"Active":true,"CreatedAt":"2024-02-26T15:02:22.1537714","LastUpdated":"2024-02-26T15:02:22.1537717","UpdatedBy":"bf4287eb-259a-4d94-931b-931e2b89cbb9","CreatedAtText":"2024-02-26","LastUpdatedText":"2024-02-26","Id":20}],"SubIds":[],"Removed":false,"Order":3,"Active":true,"CreatedAt":"2024-02-26T14:45:11.828011","LastUpdated":"2024-02-26T14:45:11.8280501","UpdatedBy":"bf4287eb-259a-4d94-931b-931e2b89cbb9","CreatedAtText":"2024-02-26","LastUpdatedText":"2024-02-26","Id":8},{"Key":"CTD","Title":"台東庭","Parent":null,"ParentId":3,"IsRootItem":false,"SubItems":[],"SubIds":[],"Removed":false,"Order":2,"Active":true,"CreatedAt":"2024-02-26T15:19:07.8470148","LastUpdated":"2024-02-26T15:19:17.3242968","UpdatedBy":"bf4287eb-259a-4d94-931b-931e2b89cbb9","CreatedAtText":"2024-02-26","LastUpdatedText":"2024-02-26","Id":27},{"Key":"LP","Title":"法警室","Parent":null,"ParentId":3,"IsRootItem":false,"SubItems":[],"SubIds":[],"Removed":false,"Order":0,"Active":true,"CreatedAt":"2024-02-26T15:31:41.0704835","LastUpdated":"2024-02-26T15:31:41.0704837","UpdatedBy":"bf4287eb-259a-4d94-931b-931e2b89cbb9","CreatedAtText":"2024-02-26","LastUpdatedText":"2024-02-26","Id":35}],"SubIds":[],"Removed":false,"Order":0,"Active":true,"CreatedAt":"2024-02-26T14:36:06.8204826","LastUpdated":"2024-02-26T14:42:43.5716993","UpdatedBy":"bf4287eb-259a-4d94-931b-931e2b89cbb9","CreatedAtText":"2024-02-26","LastUpdatedText":"2024-02-26","Id":3}],"SubIds":[],"Removed":false,"Order":0,"Active":true,"CreatedAt":"2024-02-26T14:34:55.2968334","LastUpdated":null,"UpdatedBy":null,"CreatedAtText":"2024-02-26","LastUpdatedText":"","Id":2},{"Key":"TOP","Title":"院長室","Parent":null,"ParentId":2,"IsRootItem":false,"SubItems":[{"Key":"A_TOP","Title":"書記處","Parent":null,"ParentId":3,"IsRootItem":false,"SubItems":[{"Key":"JA","Title":"法官助理室","Parent":null,"ParentId":4,"IsRootItem":false,"SubItems":[],"SubIds":[],"Removed":false,"Order":0,"Active":true,"CreatedAt":"2024-02-26T15:13:48.089191","LastUpdated":"2024-02-26T15:13:48.0891913","UpdatedBy":"bf4287eb-259a-4d94-931b-931e2b89cbb9","CreatedAtText":"2024-02-26","LastUpdatedText":"2024-02-26","Id":21},{"Key":"","Title":"人事室","Parent":null,"ParentId":4,"IsRootItem":false,"SubItems":[],"SubIds":[],"Removed":false,"Order":0,"Active":true,"CreatedAt":"2024-02-26T15:14:47.6608872","LastUpdated":"2024-02-26T15:16:47.2995761","UpdatedBy":"bf4287eb-259a-4d94-931b-931e2b89cbb9","CreatedAtText":"2024-02-26","LastUpdatedText":"2024-02-26","Id":22},{"Key":"","Title":"政風室","Parent":null,"ParentId":4,"IsRootItem":false,"SubItems":[],"SubIds":[],"Removed":false,"Order":0,"Active":true,"CreatedAt":"2024-02-26T15:16:40.72611","LastUpdated":"2024-02-26T15:16:53.9342364","UpdatedBy":"bf4287eb-259a-4d94-931b-931e2b89cbb9","CreatedAtText":"2024-02-26","LastUpdatedText":"2024-02-26","Id":23},{"Key":"","Title":"會計室","Parent":null,"ParentId":4,"IsRootItem":false,"SubItems":[],"SubIds":[],"Removed":false,"Order":0,"Active":true,"CreatedAt":"2024-02-26T15:17:17.0091437","LastUpdated":"2024-02-26T15:17:17.0091439","UpdatedBy":"bf4287eb-259a-4d94-931b-931e2b89cbb9","CreatedAtText":"2024-02-26","LastUpdatedText":"2024-02-26","Id":24},{"Key":"","Title":"統計室","Parent":null,"ParentId":4,"IsRootItem":false,"SubItems":[],"SubIds":[],"Removed":false,"Order":0,"Active":true,"CreatedAt":"2024-02-26T15:17:36.7508706","LastUpdated":"2024-02-26T15:17:36.7508709","UpdatedBy":"bf4287eb-259a-4d94-931b-931e2b89cbb9","CreatedAtText":"2024-02-26","LastUpdatedText":"2024-02-26","Id":25},{"Key":"","Title":"研考科","Parent":null,"ParentId":4,"IsRootItem":false,"SubItems":[],"SubIds":[],"Removed":false,"Order":0,"Active":true,"CreatedAt":"2024-02-26T15:18:26.5218045","LastUpdated":"2024-02-26T15:18:26.5218048","UpdatedBy":"bf4287eb-259a-4d94-931b-931e2b89cbb9","CreatedAtText":"2024-02-26","LastUpdatedText":"2024-02-26","Id":26},{"Key":"","Title":"民事紀錄科","Parent":null,"ParentId":4,"IsRootItem":false,"SubItems":[],"SubIds":[],"Removed":false,"Order":0,"Active":true,"CreatedAt":"2024-02-26T15:20:17.0134627","LastUpdated":"2024-02-26T15:21:56.6628902","UpdatedBy":"bf4287eb-259a-4d94-931b-931e2b89cbb9","CreatedAtText":"2024-02-26","LastUpdatedText":"2024-02-26","Id":28},{"Key":"","Title":"刑事紀錄科","Parent":null,"ParentId":4,"IsRootItem":false,"SubItems":[],"SubIds":[],"Removed":false,"Order":0,"Active":true,"CreatedAt":"2024-02-26T15:22:13.6797736","LastUpdated":"2024-02-26T15:22:13.6797738","UpdatedBy":"bf4287eb-259a-4d94-931b-931e2b89cbb9","CreatedAtText":"2024-02-26","LastUpdatedText":"2024-02-26","Id":29},{"Key":"","Title":"文書科","Parent":null,"ParentId":4,"IsRootItem":false,"SubItems":[],"SubIds":[],"Removed":false,"Order":0,"Active":true,"CreatedAt":"2024-02-26T15:23:03.9905295","LastUpdated":"2024-02-26T15:23:03.9905301","UpdatedBy":"bf4287eb-259a-4d94-931b-931e2b89cbb9","CreatedAtText":"2024-02-26","LastUpdatedText":"2024-02-26","Id":30},{"Key":"","Title":"總務科","Parent":null,"ParentId":4,"IsRootItem":false,"SubItems":[],"SubIds":[],"Removed":false,"Order":0,"Active":true,"CreatedAt":"2024-02-26T15:23:28.9707371","LastUpdated":"2024-02-26T15:23:28.9707374","UpdatedBy":"bf4287eb-259a-4d94-931b-931e2b89cbb9","CreatedAtText":"2024-02-26","LastUpdatedText":"2024-02-26","Id":31},{"Key":"","Title":"單一窗口","Parent":null,"ParentId":4,"IsRootItem":false,"SubItems":[],"SubIds":[],"Removed":false,"Order":0,"Active":true,"CreatedAt":"2024-02-26T15:24:47.520802","LastUpdated":"2024-02-26T15:24:47.5208023","UpdatedBy":"bf4287eb-259a-4d94-931b-931e2b89cbb9","CreatedAtText":"2024-02-26","LastUpdatedText":"2024-02-26","Id":32},{"Key":"","Title":"通譯室","Parent":null,"ParentId":4,"IsRootItem":false,"SubItems":[],"SubIds":[],"Removed":false,"Order":0,"Active":true,"CreatedAt":"2024-02-26T15:25:06.5403058","LastUpdated":"2024-02-26T15:25:06.5403064","UpdatedBy":"bf4287eb-259a-4d94-931b-931e2b89cbb9","CreatedAtText":"2024-02-26","LastUpdatedText":"2024-02-26","Id":33},{"Key":"","Title":"庭務員室","Parent":null,"ParentId":4,"IsRootItem":false,"SubItems":[],"SubIds":[],"Removed":false,"Order":0,"Active":true,"CreatedAt":"2024-02-26T15:25:15.3740264","LastUpdated":"2024-02-26T15:25:15.3740268","UpdatedBy":"bf4287eb-259a-4d94-931b-931e2b89cbb9","CreatedAtText":"2024-02-26","LastUpdatedText":"2024-02-26","Id":34}],"SubIds":[],"Removed":false,"Order":1,"Active":true,"CreatedAt":"2024-02-26T14:37:11.5776117","LastUpdated":"2024-02-26T14:44:36.1501324","UpdatedBy":"bf4287eb-259a-4d94-931b-931e2b89cbb9","CreatedAtText":"2024-02-26","LastUpdatedText":"2024-02-26","Id":4},{"Key":"CM_1","Title":"民一庭","Parent":null,"ParentId":3,"IsRootItem":false,"SubItems":[{"Key":"GS","Title":"信股","Parent":null,"ParentId":5,"IsRootItem":false,"SubItems":[],"SubIds":[],"Removed":false,"Order":0,"Active":true,"CreatedAt":"2024-02-26T14:48:39.4143668","LastUpdated":"2024-02-26T14:48:39.4143671","UpdatedBy":"bf4287eb-259a-4d94-931b-931e2b89cbb9","CreatedAtText":"2024-02-26","LastUpdatedText":"2024-02-26","Id":9},{"Key":"GL","Title":"禮股","Parent":null,"ParentId":5,"IsRootItem":false,"SubItems":[],"SubIds":[],"Removed":false,"Order":0,"Active":true,"CreatedAt":"2024-02-26T14:48:59.8102931","LastUpdated":"2024-02-26T14:48:59.8102936","UpdatedBy":"bf4287eb-259a-4d94-931b-931e2b89cbb9","CreatedAtText":"2024-02-26","LastUpdatedText":"2024-02-26","Id":10},{"Key":"GW","Title":"文股","Parent":null,"ParentId":5,"IsRootItem":false,"SubItems":[],"SubIds":[],"Removed":false,"Order":0,"Active":true,"CreatedAt":"2024-02-26T14:49:53.5803722","LastUpdated":"2024-02-26T14:50:04.8168224","UpdatedBy":"bf4287eb-259a-4d94-931b-931e2b89cbb9","CreatedAtText":"2024-02-26","LastUpdatedText":"2024-02-26","Id":11}],"SubIds":[],"Removed":false,"Order":6,"Active":true,"CreatedAt":"2024-02-26T14:38:17.7607992","LastUpdated":"2024-02-26T14:44:00.7075486","UpdatedBy":"bf4287eb-259a-4d94-931b-931e2b89cbb9","CreatedAtText":"2024-02-26","LastUpdatedText":"2024-02-26","Id":5},{"Key":"CM_2","Title":"民二庭","Parent":null,"ParentId":3,"IsRootItem":false,"SubItems":[{"Key":"GY","Title":"約股","Parent":null,"ParentId":6,"IsRootItem":false,"SubItems":[],"SubIds":[],"Removed":false,"Order":0,"Active":true,"CreatedAt":"2024-02-26T14:50:29.7888035","LastUpdated":"2024-02-26T14:50:29.7888038","UpdatedBy":"bf4287eb-259a-4d94-931b-931e2b89cbb9","CreatedAtText":"2024-02-26","LastUpdatedText":"2024-02-26","Id":12},{"Key":"GB","Title":"博股","Parent":null,"ParentId":6,"IsRootItem":false,"SubItems":[],"SubIds":[],"Removed":false,"Order":0,"Active":true,"CreatedAt":"2024-02-26T14:50:45.0672768","LastUpdated":"2024-02-26T14:50:45.0672771","UpdatedBy":"bf4287eb-259a-4d94-931b-931e2b89cbb9","CreatedAtText":"2024-02-26","LastUpdatedText":"2024-02-26","Id":13}],"SubIds":[],"Removed":false,"Order":5,"Active":true,"CreatedAt":"2024-02-26T14:38:29.2981854","LastUpdated":"2024-02-26T14:44:07.4454447","UpdatedBy":"bf4287eb-259a-4d94-931b-931e2b89cbb9","CreatedAtText":"2024-02-26","LastUpdatedText":"2024-02-26","Id":6},{"Key":"CC_1","Title":"刑一庭","Parent":null,"ParentId":3,"IsRootItem":false,"SubItems":[{"Key":"GE","Title":"為股","Parent":null,"ParentId":7,"IsRootItem":false,"SubItems":[],"SubIds":[],"Removed":false,"Order":0,"Active":true,"CreatedAt":"2024-02-26T14:54:52.47048","LastUpdated":"2024-02-26T14:59:15.2636413","UpdatedBy":"bf4287eb-259a-4d94-931b-931e2b89cbb9","CreatedAtText":"2024-02-26","LastUpdatedText":"2024-02-26","Id":14},{"Key":"GI","Title":"義股","Parent":null,"ParentId":7,"IsRootItem":false,"SubItems":[],"SubIds":[],"Removed":false,"Order":0,"Active":true,"CreatedAt":"2024-02-26T14:59:58.4800015","LastUpdated":"2024-02-26T14:59:58.480036","UpdatedBy":"bf4287eb-259a-4d94-931b-931e2b89cbb9","CreatedAtText":"2024-02-26","LastUpdatedText":"2024-02-26","Id":15},{"Key":"GH","Title":"慎股","Parent":null,"ParentId":7,"IsRootItem":false,"SubItems":[],"SubIds":[],"Removed":false,"Order":0,"Active":true,"CreatedAt":"2024-02-26T15:00:31.980658","LastUpdated":"2024-02-26T15:00:31.9806583","UpdatedBy":"bf4287eb-259a-4d94-931b-931e2b89cbb9","CreatedAtText":"2024-02-26","LastUpdatedText":"2024-02-26","Id":16},{"Key":"GQ","Title":"勤股","Parent":null,"ParentId":7,"IsRootItem":false,"SubItems":[],"SubIds":[],"Removed":false,"Order":0,"Active":true,"CreatedAt":"2024-02-26T15:00:47.775697","LastUpdated":"2024-02-26T15:01:25.5233925","UpdatedBy":"bf4287eb-259a-4d94-931b-931e2b89cbb9","CreatedAtText":"2024-02-26","LastUpdatedText":"2024-02-26","Id":17}],"SubIds":[],"Removed":false,"Order":4,"Active":true,"CreatedAt":"2024-02-26T14:38:47.668147","LastUpdated":"2024-02-26T14:44:49.6648383","UpdatedBy":"bf4287eb-259a-4d94-931b-931e2b89cbb9","CreatedAtText":"2024-02-26","LastUpdatedText":"2024-02-26","Id":7},{"Key":"CC_2","Title":"刑二庭","Parent":null,"ParentId":3,"IsRootItem":false,"SubItems":[{"Key":"GC","Title":"淨股","Parent":null,"ParentId":8,"IsRootItem":false,"SubItems":[],"SubIds":[],"Removed":false,"Order":0,"Active":true,"CreatedAt":"2024-02-26T15:01:51.8265689","LastUpdated":"2024-02-26T15:01:51.8265692","UpdatedBy":"bf4287eb-259a-4d94-931b-931e2b89cbb9","CreatedAtText":"2024-02-26","LastUpdatedText":"2024-02-26","Id":18},{"Key":"GR","Title":"仁股","Parent":null,"ParentId":8,"IsRootItem":false,"SubItems":[],"SubIds":[],"Removed":false,"Order":0,"Active":true,"CreatedAt":"2024-02-26T15:02:07.6800149","LastUpdated":"2024-02-26T15:02:07.6800152","UpdatedBy":"bf4287eb-259a-4d94-931b-931e2b89cbb9","CreatedAtText":"2024-02-26","LastUpdatedText":"2024-02-26","Id":19},{"Key":"GA","Title":"以股","Parent":null,"ParentId":8,"IsRootItem":false,"SubItems":[],"SubIds":[],"Removed":false,"Order":0,"Active":true,"CreatedAt":"2024-02-26T15:02:22.1537714","LastUpdated":"2024-02-26T15:02:22.1537717","UpdatedBy":"bf4287eb-259a-4d94-931b-931e2b89cbb9","CreatedAtText":"2024-02-26","LastUpdatedText":"2024-02-26","Id":20}],"SubIds":[],"Removed":false,"Order":3,"Active":true,"CreatedAt":"2024-02-26T14:45:11.828011","LastUpdated":"2024-02-26T14:45:11.8280501","UpdatedBy":"bf4287eb-259a-4d94-931b-931e2b89cbb9","CreatedAtText":"2024-02-26","LastUpdatedText":"2024-02-26","Id":8},{"Key":"CTD","Title":"台東庭","Parent":null,"ParentId":3,"IsRootItem":false,"SubItems":[],"SubIds":[],"Removed":false,"Order":2,"Active":true,"CreatedAt":"2024-02-26T15:19:07.8470148","LastUpdated":"2024-02-26T15:19:17.3242968","UpdatedBy":"bf4287eb-259a-4d94-931b-931e2b89cbb9","CreatedAtText":"2024-02-26","LastUpdatedText":"2024-02-26","Id":27},{"Key":"LP","Title":"法警室","Parent":null,"ParentId":3,"IsRootItem":false,"SubItems":[],"SubIds":[],"Removed":false,"Order":0,"Active":true,"CreatedAt":"2024-02-26T15:31:41.0704835","LastUpdated":"2024-02-26T15:31:41.0704837","UpdatedBy":"bf4287eb-259a-4d94-931b-931e2b89cbb9","CreatedAtText":"2024-02-26","LastUpdatedText":"2024-02-26","Id":35}],"SubIds":[],"Removed":false,"Order":0,"Active":true,"CreatedAt":"2024-02-26T14:36:06.8204826","LastUpdated":"2024-02-26T14:42:43.5716993","UpdatedBy":"bf4287eb-259a-4d94-931b-931e2b89cbb9","CreatedAtText":"2024-02-26","LastUpdatedText":"2024-02-26","Id":3},{"Key":"A_TOP","Title":"書記處","Parent":null,"ParentId":3,"IsRootItem":false,"SubItems":[{"Key":"JA","Title":"法官助理室","Parent":null,"ParentId":4,"IsRootItem":false,"SubItems":[],"SubIds":[],"Removed":false,"Order":0,"Active":true,"CreatedAt":"2024-02-26T15:13:48.089191","LastUpdated":"2024-02-26T15:13:48.0891913","UpdatedBy":"bf4287eb-259a-4d94-931b-931e2b89cbb9","CreatedAtText":"2024-02-26","LastUpdatedText":"2024-02-26","Id":21},{"Key":"","Title":"人事室","Parent":null,"ParentId":4,"IsRootItem":false,"SubItems":[],"SubIds":[],"Removed":false,"Order":0,"Active":true,"CreatedAt":"2024-02-26T15:14:47.6608872","LastUpdated":"2024-02-26T15:16:47.2995761","UpdatedBy":"bf4287eb-259a-4d94-931b-931e2b89cbb9","CreatedAtText":"2024-02-26","LastUpdatedText":"2024-02-26","Id":22},{"Key":"","Title":"政風室","Parent":null,"ParentId":4,"IsRootItem":false,"SubItems":[],"SubIds":[],"Removed":false,"Order":0,"Active":true,"CreatedAt":"2024-02-26T15:16:40.72611","LastUpdated":"2024-02-26T15:16:53.9342364","UpdatedBy":"bf4287eb-259a-4d94-931b-931e2b89cbb9","CreatedAtText":"2024-02-26","LastUpdatedText":"2024-02-26","Id":23},{"Key":"","Title":"會計室","Parent":null,"ParentId":4,"IsRootItem":false,"SubItems":[],"SubIds":[],"Removed":false,"Order":0,"Active":true,"CreatedAt":"2024-02-26T15:17:17.0091437","LastUpdated":"2024-02-26T15:17:17.0091439","UpdatedBy":"bf4287eb-259a-4d94-931b-931e2b89cbb9","CreatedAtText":"2024-02-26","LastUpdatedText":"2024-02-26","Id":24},{"Key":"","Title":"統計室","Parent":null,"ParentId":4,"IsRootItem":false,"SubItems":[],"SubIds":[],"Removed":false,"Order":0,"Active":true,"CreatedAt":"2024-02-26T15:17:36.7508706","LastUpdated":"2024-02-26T15:17:36.7508709","UpdatedBy":"bf4287eb-259a-4d94-931b-931e2b89cbb9","CreatedAtText":"2024-02-26","LastUpdatedText":"2024-02-26","Id":25},{"Key":"","Title":"研考科","Parent":null,"ParentId":4,"IsRootItem":false,"SubItems":[],"SubIds":[],"Removed":false,"Order":0,"Active":true,"CreatedAt":"2024-02-26T15:18:26.5218045","LastUpdated":"2024-02-26T15:18:26.5218048","UpdatedBy":"bf4287eb-259a-4d94-931b-931e2b89cbb9","CreatedAtText":"2024-02-26","LastUpdatedText":"2024-02-26","Id":26},{"Key":"","Title":"民事紀錄科","Parent":null,"ParentId":4,"IsRootItem":false,"SubItems":[],"SubIds":[],"Removed":false,"Order":0,"Active":true,"CreatedAt":"2024-02-26T15:20:17.0134627","LastUpdated":"2024-02-26T15:21:56.6628902","UpdatedBy":"bf4287eb-259a-4d94-931b-931e2b89cbb9","CreatedAtText":"2024-02-26","LastUpdatedText":"2024-02-26","Id":28},{"Key":"","Title":"刑事紀錄科","Parent":null,"ParentId":4,"IsRootItem":false,"SubItems":[],"SubIds":[],"Removed":false,"Order":0,"Active":true,"CreatedAt":"2024-02-26T15:22:13.6797736","LastUpdated":"2024-02-26T15:22:13.6797738","UpdatedBy":"bf4287eb-259a-4d94-931b-931e2b89cbb9","CreatedAtText":"2024-02-26","LastUpdatedText":"2024-02-26","Id":29},{"Key":"","Title":"文書科","Parent":null,"ParentId":4,"IsRootItem":false,"SubItems":[],"SubIds":[],"Removed":false,"Order":0,"Active":true,"CreatedAt":"2024-02-26T15:23:03.9905295","LastUpdated":"2024-02-26T15:23:03.9905301","UpdatedBy":"bf4287eb-259a-4d94-931b-931e2b89cbb9","CreatedAtText":"2024-02-26","LastUpdatedText":"2024-02-26","Id":30},{"Key":"","Title":"總務科","Parent":null,"ParentId":4,"IsRootItem":false,"SubItems":[],"SubIds":[],"Removed":false,"Order":0,"Active":true,"CreatedAt":"2024-02-26T15:23:28.9707371","LastUpdated":"2024-02-26T15:23:28.9707374","UpdatedBy":"bf4287eb-259a-4d94-931b-931e2b89cbb9","CreatedAtText":"2024-02-26","LastUpdatedText":"2024-02-26","Id":31},{"Key":"","Title":"單一窗口","Parent":null,"ParentId":4,"IsRootItem":false,"SubItems":[],"SubIds":[],"Removed":false,"Order":0,"Active":true,"CreatedAt":"2024-02-26T15:24:47.520802","LastUpdated":"2024-02-26T15:24:47.5208023","UpdatedBy":"bf4287eb-259a-4d94-931b-931e2b89cbb9","CreatedAtText":"2024-02-26","LastUpdatedText":"2024-02-26","Id":32},{"Key":"","Title":"通譯室","Parent":null,"ParentId":4,"IsRootItem":false,"SubItems":[],"SubIds":[],"Removed":false,"Order":0,"Active":true,"CreatedAt":"2024-02-26T15:25:06.5403058","LastUpdated":"2024-02-26T15:25:06.5403064","UpdatedBy":"bf4287eb-259a-4d94-931b-931e2b89cbb9","CreatedAtText":"2024-02-26","LastUpdatedText":"2024-02-26","Id":33},{"Key":"","Title":"庭務員室","Parent":null,"ParentId":4,"IsRootItem":false,"SubItems":[],"SubIds":[],"Removed":false,"Order":0,"Active":true,"CreatedAt":"2024-02-26T15:25:15.3740264","LastUpdated":"2024-02-26T15:25:15.3740268","UpdatedBy":"bf4287eb-259a-4d94-931b-931e2b89cbb9","CreatedAtText":"2024-02-26","LastUpdatedText":"2024-02-26","Id":34}],"SubIds":[],"Removed":false,"Order":1,"Active":true,"CreatedAt":"2024-02-26T14:37:11.5776117","LastUpdated":"2024-02-26T14:44:36.1501324","UpdatedBy":"bf4287eb-259a-4d94-931b-931e2b89cbb9","CreatedAtText":"2024-02-26","LastUpdatedText":"2024-02-26","Id":4},{"Key":"CM_1","Title":"民一庭","Parent":null,"ParentId":3,"IsRootItem":false,"SubItems":[{"Key":"GS","Title":"信股","Parent":null,"ParentId":5,"IsRootItem":false,"SubItems":[],"SubIds":[],"Removed":false,"Order":0,"Active":true,"CreatedAt":"2024-02-26T14:48:39.4143668","LastUpdated":"2024-02-26T14:48:39.4143671","UpdatedBy":"bf4287eb-259a-4d94-931b-931e2b89cbb9","CreatedAtText":"2024-02-26","LastUpdatedText":"2024-02-26","Id":9},{"Key":"GL","Title":"禮股","Parent":null,"ParentId":5,"IsRootItem":false,"SubItems":[],"SubIds":[],"Removed":false,"Order":0,"Active":true,"CreatedAt":"2024-02-26T14:48:59.8102931","LastUpdated":"2024-02-26T14:48:59.8102936","UpdatedBy":"bf4287eb-259a-4d94-931b-931e2b89cbb9","CreatedAtText":"2024-02-26","LastUpdatedText":"2024-02-26","Id":10},{"Key":"GW","Title":"文股","Parent":null,"ParentId":5,"IsRootItem":false,"SubItems":[],"SubIds":[],"Removed":false,"Order":0,"Active":true,"CreatedAt":"2024-02-26T14:49:53.5803722","LastUpdated":"2024-02-26T14:50:04.8168224","UpdatedBy":"bf4287eb-259a-4d94-931b-931e2b89cbb9","CreatedAtText":"2024-02-26","LastUpdatedText":"2024-02-26","Id":11}],"SubIds":[],"Removed":false,"Order":6,"Active":true,"CreatedAt":"2024-02-26T14:38:17.7607992","LastUpdated":"2024-02-26T14:44:00.7075486","UpdatedBy":"bf4287eb-259a-4d94-931b-931e2b89cbb9","CreatedAtText":"2024-02-26","LastUpdatedText":"2024-02-26","Id":5},{"Key":"CM_2","Title":"民二庭","Parent":null,"ParentId":3,"IsRootItem":false,"SubItems":[{"Key":"GY","Title":"約股","Parent":null,"ParentId":6,"IsRootItem":false,"SubItems":[],"SubIds":[],"Removed":false,"Order":0,"Active":true,"CreatedAt":"2024-02-26T14:50:29.7888035","LastUpdated":"2024-02-26T14:50:29.7888038","UpdatedBy":"bf4287eb-259a-4d94-931b-931e2b89cbb9","CreatedAtText":"2024-02-26","LastUpdatedText":"2024-02-26","Id":12},{"Key":"GB","Title":"博股","Parent":null,"ParentId":6,"IsRootItem":false,"SubItems":[],"SubIds":[],"Removed":false,"Order":0,"Active":true,"CreatedAt":"2024-02-26T14:50:45.0672768","LastUpdated":"2024-02-26T14:50:45.0672771","UpdatedBy":"bf4287eb-259a-4d94-931b-931e2b89cbb9","CreatedAtText":"2024-02-26","LastUpdatedText":"2024-02-26","Id":13}],"SubIds":[],"Removed":false,"Order":5,"Active":true,"CreatedAt":"2024-02-26T14:38:29.2981854","LastUpdated":"2024-02-26T14:44:07.4454447","UpdatedBy":"bf4287eb-259a-4d94-931b-931e2b89cbb9","CreatedAtText":"2024-02-26","LastUpdatedText":"2024-02-26","Id":6},{"Key":"CC_1","Title":"刑一庭","Parent":null,"ParentId":3,"IsRootItem":false,"SubItems":[{"Key":"GE","Title":"為股","Parent":null,"ParentId":7,"IsRootItem":false,"SubItems":[],"SubIds":[],"Removed":false,"Order":0,"Active":true,"CreatedAt":"2024-02-26T14:54:52.47048","LastUpdated":"2024-02-26T14:59:15.2636413","UpdatedBy":"bf4287eb-259a-4d94-931b-931e2b89cbb9","CreatedAtText":"2024-02-26","LastUpdatedText":"2024-02-26","Id":14},{"Key":"GI","Title":"義股","Parent":null,"ParentId":7,"IsRootItem":false,"SubItems":[],"SubIds":[],"Removed":false,"Order":0,"Active":true,"CreatedAt":"2024-02-26T14:59:58.4800015","LastUpdated":"2024-02-26T14:59:58.480036","UpdatedBy":"bf4287eb-259a-4d94-931b-931e2b89cbb9","CreatedAtText":"2024-02-26","LastUpdatedText":"2024-02-26","Id":15},{"Key":"GH","Title":"慎股","Parent":null,"ParentId":7,"IsRootItem":false,"SubItems":[],"SubIds":[],"Removed":false,"Order":0,"Active":true,"CreatedAt":"2024-02-26T15:00:31.980658","LastUpdated":"2024-02-26T15:00:31.9806583","UpdatedBy":"bf4287eb-259a-4d94-931b-931e2b89cbb9","CreatedAtText":"2024-02-26","LastUpdatedText":"2024-02-26","Id":16},{"Key":"GQ","Title":"勤股","Parent":null,"ParentId":7,"IsRootItem":false,"SubItems":[],"SubIds":[],"Removed":false,"Order":0,"Active":true,"CreatedAt":"2024-02-26T15:00:47.775697","LastUpdated":"2024-02-26T15:01:25.5233925","UpdatedBy":"bf4287eb-259a-4d94-931b-931e2b89cbb9","CreatedAtText":"2024-02-26","LastUpdatedText":"2024-02-26","Id":17}],"SubIds":[],"Removed":false,"Order":4,"Active":true,"CreatedAt":"2024-02-26T14:38:47.668147","LastUpdated":"2024-02-26T14:44:49.6648383","UpdatedBy":"bf4287eb-259a-4d94-931b-931e2b89cbb9","CreatedAtText":"2024-02-26","LastUpdatedText":"2024-02-26","Id":7},{"Key":"CC_2","Title":"刑二庭","Parent":null,"ParentId":3,"IsRootItem":false,"SubItems":[{"Key":"GC","Title":"淨股","Parent":null,"ParentId":8,"IsRootItem":false,"SubItems":[],"SubIds":[],"Removed":false,"Order":0,"Active":true,"CreatedAt":"2024-02-26T15:01:51.8265689","LastUpdated":"2024-02-26T15:01:51.8265692","UpdatedBy":"bf4287eb-259a-4d94-931b-931e2b89cbb9","CreatedAtText":"2024-02-26","LastUpdatedText":"2024-02-26","Id":18},{"Key":"GR","Title":"仁股","Parent":null,"ParentId":8,"IsRootItem":false,"SubItems":[],"SubIds":[],"Removed":false,"Order":0,"Active":true,"CreatedAt":"2024-02-26T15:02:07.6800149","LastUpdated":"2024-02-26T15:02:07.6800152","UpdatedBy":"bf4287eb-259a-4d94-931b-931e2b89cbb9","CreatedAtText":"2024-02-26","LastUpdatedText":"2024-02-26","Id":19},{"Key":"GA","Title":"以股","Parent":null,"ParentId":8,"IsRootItem":false,"SubItems":[],"SubIds":[],"Removed":false,"Order":0,"Active":true,"CreatedAt":"2024-02-26T15:02:22.1537714","LastUpdated":"2024-02-26T15:02:22.1537717","UpdatedBy":"bf4287eb-259a-4d94-931b-931e2b89cbb9","CreatedAtText":"2024-02-26","LastUpdatedText":"2024-02-26","Id":20}],"SubIds":[],"Removed":false,"Order":3,"Active":true,"CreatedAt":"2024-02-26T14:45:11.828011","LastUpdated":"2024-02-26T14:45:11.8280501","UpdatedBy":"bf4287eb-259a-4d94-931b-931e2b89cbb9","CreatedAtText":"2024-02-26","LastUpdatedText":"2024-02-26","Id":8},{"Key":"GS","Title":"信股","Parent":null,"ParentId":5,"IsRootItem":false,"SubItems":[],"SubIds":[],"Removed":false,"Order":0,"Active":true,"CreatedAt":"2024-02-26T14:48:39.4143668","LastUpdated":"2024-02-26T14:48:39.4143671","UpdatedBy":"bf4287eb-259a-4d94-931b-931e2b89cbb9","CreatedAtText":"2024-02-26","LastUpdatedText":"2024-02-26","Id":9},{"Key":"GL","Title":"禮股","Parent":null,"ParentId":5,"IsRootItem":false,"SubItems":[],"SubIds":[],"Removed":false,"Order":0,"Active":true,"CreatedAt":"2024-02-26T14:48:59.8102931","LastUpdated":"2024-02-26T14:48:59.8102936","UpdatedBy":"bf4287eb-259a-4d94-931b-931e2b89cbb9","CreatedAtText":"2024-02-26","LastUpdatedText":"2024-02-26","Id":10},{"Key":"GW","Title":"文股","Parent":null,"ParentId":5,"IsRootItem":false,"SubItems":[],"SubIds":[],"Removed":false,"Order":0,"Active":true,"CreatedAt":"2024-02-26T14:49:53.5803722","LastUpdated":"2024-02-26T14:50:04.8168224","UpdatedBy":"bf4287eb-259a-4d94-931b-931e2b89cbb9","CreatedAtText":"2024-02-26","LastUpdatedText":"2024-02-26","Id":11},{"Key":"GY","Title":"約股","Parent":null,"ParentId":6,"IsRootItem":false,"SubItems":[],"SubIds":[],"Removed":false,"Order":0,"Active":true,"CreatedAt":"2024-02-26T14:50:29.7888035","LastUpdated":"2024-02-26T14:50:29.7888038","UpdatedBy":"bf4287eb-259a-4d94-931b-931e2b89cbb9","CreatedAtText":"2024-02-26","LastUpdatedText":"2024-02-26","Id":12},{"Key":"GB","Title":"博股","Parent":null,"ParentId":6,"IsRootItem":false,"SubItems":[],"SubIds":[],"Removed":false,"Order":0,"Active":true,"CreatedAt":"2024-02-26T14:50:45.0672768","LastUpdated":"2024-02-26T14:50:45.0672771","UpdatedBy":"bf4287eb-259a-4d94-931b-931e2b89cbb9","CreatedAtText":"2024-02-26","LastUpdatedText":"2024-02-26","Id":13},{"Key":"GE","Title":"為股","Parent":null,"ParentId":7,"IsRootItem":false,"SubItems":[],"SubIds":[],"Removed":false,"Order":0,"Active":true,"CreatedAt":"2024-02-26T14:54:52.47048","LastUpdated":"2024-02-26T14:59:15.2636413","UpdatedBy":"bf4287eb-259a-4d94-931b-931e2b89cbb9","CreatedAtText":"2024-02-26","LastUpdatedText":"2024-02-26","Id":14},{"Key":"GI","Title":"義股","Parent":null,"ParentId":7,"IsRootItem":false,"SubItems":[],"SubIds":[],"Removed":false,"Order":0,"Active":true,"CreatedAt":"2024-02-26T14:59:58.4800015","LastUpdated":"2024-02-26T14:59:58.480036","UpdatedBy":"bf4287eb-259a-4d94-931b-931e2b89cbb9","CreatedAtText":"2024-02-26","LastUpdatedText":"2024-02-26","Id":15},{"Key":"GH","Title":"慎股","Parent":null,"ParentId":7,"IsRootItem":false,"SubItems":[],"SubIds":[],"Removed":false,"Order":0,"Active":true,"CreatedAt":"2024-02-26T15:00:31.980658","LastUpdated":"2024-02-26T15:00:31.9806583","UpdatedBy":"bf4287eb-259a-4d94-931b-931e2b89cbb9","CreatedAtText":"2024-02-26","LastUpdatedText":"2024-02-26","Id":16},{"Key":"GQ","Title":"勤股","Parent":null,"ParentId":7,"IsRootItem":false,"SubItems":[],"SubIds":[],"Removed":false,"Order":0,"Active":true,"CreatedAt":"2024-02-26T15:00:47.775697","LastUpdated":"2024-02-26T15:01:25.5233925","UpdatedBy":"bf4287eb-259a-4d94-931b-931e2b89cbb9","CreatedAtText":"2024-02-26","LastUpdatedText":"2024-02-26","Id":17},{"Key":"GC","Title":"淨股","Parent":null,"ParentId":8,"IsRootItem":false,"SubItems":[],"SubIds":[],"Removed":false,"Order":0,"Active":true,"CreatedAt":"2024-02-26T15:01:51.8265689","LastUpdated":"2024-02-26T15:01:51.8265692","UpdatedBy":"bf4287eb-259a-4d94-931b-931e2b89cbb9","CreatedAtText":"2024-02-26","LastUpdatedText":"2024-02-26","Id":18},{"Key":"GR","Title":"仁股","Parent":null,"ParentId":8,"IsRootItem":false,"SubItems":[],"SubIds":[],"Removed":false,"Order":0,"Active":true,"CreatedAt":"2024-02-26T15:02:07.6800149","LastUpdated":"2024-02-26T15:02:07.6800152","UpdatedBy":"bf4287eb-259a-4d94-931b-931e2b89cbb9","CreatedAtText":"2024-02-26","LastUpdatedText":"2024-02-26","Id":19},{"Key":"GA","Title":"以股","Parent":null,"ParentId":8,"IsRootItem":false,"SubItems":[],"SubIds":[],"Removed":false,"Order":0,"Active":true,"CreatedAt":"2024-02-26T15:02:22.1537714","LastUpdated":"2024-02-26T15:02:22.1537717","UpdatedBy":"bf4287eb-259a-4d94-931b-931e2b89cbb9","CreatedAtText":"2024-02-26","LastUpdatedText":"2024-02-26","Id":20},{"Key":"JA","Title":"法官助理室","Parent":null,"ParentId":4,"IsRootItem":false,"SubItems":[],"SubIds":[],"Removed":false,"Order":0,"Active":true,"CreatedAt":"2024-02-26T15:13:48.089191","LastUpdated":"2024-02-26T15:13:48.0891913","UpdatedBy":"bf4287eb-259a-4d94-931b-931e2b89cbb9","CreatedAtText":"2024-02-26","LastUpdatedText":"2024-02-26","Id":21},{"Key":"","Title":"人事室","Parent":null,"ParentId":4,"IsRootItem":false,"SubItems":[],"SubIds":[],"Removed":false,"Order":0,"Active":true,"CreatedAt":"2024-02-26T15:14:47.6608872","LastUpdated":"2024-02-26T15:16:47.2995761","UpdatedBy":"bf4287eb-259a-4d94-931b-931e2b89cbb9","CreatedAtText":"2024-02-26","LastUpdatedText":"2024-02-26","Id":22},{"Key":"","Title":"政風室","Parent":null,"ParentId":4,"IsRootItem":false,"SubItems":[],"SubIds":[],"Removed":false,"Order":0,"Active":true,"CreatedAt":"2024-02-26T15:16:40.72611","LastUpdated":"2024-02-26T15:16:53.9342364","UpdatedBy":"bf4287eb-259a-4d94-931b-931e2b89cbb9","CreatedAtText":"2024-02-26","LastUpdatedText":"2024-02-26","Id":23},{"Key":"","Title":"會計室","Parent":null,"ParentId":4,"IsRootItem":false,"SubItems":[],"SubIds":[],"Removed":false,"Order":0,"Active":true,"CreatedAt":"2024-02-26T15:17:17.0091437","LastUpdated":"2024-02-26T15:17:17.0091439","UpdatedBy":"bf4287eb-259a-4d94-931b-931e2b89cbb9","CreatedAtText":"2024-02-26","LastUpdatedText":"2024-02-26","Id":24},{"Key":"","Title":"統計室","Parent":null,"ParentId":4,"IsRootItem":false,"SubItems":[],"SubIds":[],"Removed":false,"Order":0,"Active":true,"CreatedAt":"2024-02-26T15:17:36.7508706","LastUpdated":"2024-02-26T15:17:36.7508709","UpdatedBy":"bf4287eb-259a-4d94-931b-931e2b89cbb9","CreatedAtText":"2024-02-26","LastUpdatedText":"2024-02-26","Id":25},{"Key":"","Title":"研考科","Parent":null,"ParentId":4,"IsRootItem":false,"SubItems":[],"SubIds":[],"Removed":false,"Order":0,"Active":true,"CreatedAt":"2024-02-26T15:18:26.5218045","LastUpdated":"2024-02-26T15:18:26.5218048","UpdatedBy":"bf4287eb-259a-4d94-931b-931e2b89cbb9","CreatedAtText":"2024-02-26","LastUpdatedText":"2024-02-26","Id":26},{"Key":"CTD","Title":"台東庭","Parent":null,"ParentId":3,"IsRootItem":false,"SubItems":[],"SubIds":[],"Removed":false,"Order":2,"Active":true,"CreatedAt":"2024-02-26T15:19:07.8470148","LastUpdated":"2024-02-26T15:19:17.3242968","UpdatedBy":"bf4287eb-259a-4d94-931b-931e2b89cbb9","CreatedAtText":"2024-02-26","LastUpdatedText":"2024-02-26","Id":27},{"Key":"","Title":"民事紀錄科","Parent":null,"ParentId":4,"IsRootItem":false,"SubItems":[],"SubIds":[],"Removed":false,"Order":0,"Active":true,"CreatedAt":"2024-02-26T15:20:17.0134627","LastUpdated":"2024-02-26T15:21:56.6628902","UpdatedBy":"bf4287eb-259a-4d94-931b-931e2b89cbb9","CreatedAtText":"2024-02-26","LastUpdatedText":"2024-02-26","Id":28},{"Key":"","Title":"刑事紀錄科","Parent":null,"ParentId":4,"IsRootItem":false,"SubItems":[],"SubIds":[],"Removed":false,"Order":0,"Active":true,"CreatedAt":"2024-02-26T15:22:13.6797736","LastUpdated":"2024-02-26T15:22:13.6797738","UpdatedBy":"bf4287eb-259a-4d94-931b-931e2b89cbb9","CreatedAtText":"2024-02-26","LastUpdatedText":"2024-02-26","Id":29},{"Key":"","Title":"文書科","Parent":null,"ParentId":4,"IsRootItem":false,"SubItems":[],"SubIds":[],"Removed":false,"Order":0,"Active":true,"CreatedAt":"2024-02-26T15:23:03.9905295","LastUpdated":"2024-02-26T15:23:03.9905301","UpdatedBy":"bf4287eb-259a-4d94-931b-931e2b89cbb9","CreatedAtText":"2024-02-26","LastUpdatedText":"2024-02-26","Id":30},{"Key":"","Title":"總務科","Parent":null,"ParentId":4,"IsRootItem":false,"SubItems":[],"SubIds":[],"Removed":false,"Order":0,"Active":true,"CreatedAt":"2024-02-26T15:23:28.9707371","LastUpdated":"2024-02-26T15:23:28.9707374","UpdatedBy":"bf4287eb-259a-4d94-931b-931e2b89cbb9","CreatedAtText":"2024-02-26","LastUpdatedText":"2024-02-26","Id":31},{"Key":"","Title":"單一窗口","Parent":null,"ParentId":4,"IsRootItem":false,"SubItems":[],"SubIds":[],"Removed":false,"Order":0,"Active":true,"CreatedAt":"2024-02-26T15:24:47.520802","LastUpdated":"2024-02-26T15:24:47.5208023","UpdatedBy":"bf4287eb-259a-4d94-931b-931e2b89cbb9","CreatedAtText":"2024-02-26","LastUpdatedText":"2024-02-26","Id":32},{"Key":"","Title":"通譯室","Parent":null,"ParentId":4,"IsRootItem":false,"SubItems":[],"SubIds":[],"Removed":false,"Order":0,"Active":true,"CreatedAt":"2024-02-26T15:25:06.5403058","LastUpdated":"2024-02-26T15:25:06.5403064","UpdatedBy":"bf4287eb-259a-4d94-931b-931e2b89cbb9","CreatedAtText":"2024-02-26","LastUpdatedText":"2024-02-26","Id":33},{"Key":"","Title":"庭務員室","Parent":null,"ParentId":4,"IsRootItem":false,"SubItems":[],"SubIds":[],"Removed":false,"Order":0,"Active":true,"CreatedAt":"2024-02-26T15:25:15.3740264","LastUpdated":"2024-02-26T15:25:15.3740268","UpdatedBy":"bf4287eb-259a-4d94-931b-931e2b89cbb9","CreatedAtText":"2024-02-26","LastUpdatedText":"2024-02-26","Id":34},{"Key":"LP","Title":"法警室","Parent":null,"ParentId":3,"IsRootItem":false,"SubItems":[],"SubIds":[],"Removed":false,"Order":0,"Active":true,"CreatedAt":"2024-02-26T15:31:41.0704835","LastUpdated":"2024-02-26T15:31:41.0704837","UpdatedBy":"bf4287eb-259a-4d94-931b-931e2b89cbb9","CreatedAtText":"2024-02-26","LastUpdatedText":"2024-02-26","Id":35}]